{"cameraMode":{"drawMode":0,"name":"Shaded","section":"Shading Mode"},"sceneLighting":false,"audioPlay":false,"sceneViewState":{"showFog":true,"showMaterialUpdate":false,"showSkybox":false,"showFlares":true,"showImageEffects":true,"showParticleSystems":true},"in2DMode":false,"pivot":{"x":-3.5762786865234377e-7,"y":2.711786985397339,"z":-0.10786962509155274},"rotation":{"x":-0.0035230570938438179,"y":0.9945566058158875,"z":-0.09760208427906037,"w":-0.03884417936205864},"size":4.945044040679932,"orthographic":false}