{"cameraMode":{"drawMode":0,"name":"Shaded","section":"Shading Mode"},"sceneLighting":true,"audioPlay":false,"sceneViewState":{"showFog":true,"showMaterialUpdate":false,"showSkybox":false,"showFlares":true,"showImageEffects":true,"showParticleSystems":true},"in2DMode":false,"pivot":{"x":11.049999237060547,"y":134.93597412109376,"z":1.5212287902832032},"rotation":{"x":-0.1608804315328598,"y":-0.7649476528167725,"z":0.20949113368988038,"w":-0.5874444246292114},"size":10.0,"orthographic":false}