{"cameraMode":{"drawMode":0,"name":"Shaded","section":"Shading Mode"},"sceneLighting":false,"audioPlay":false,"sceneViewState":{"showFog":true,"showMaterialUpdate":false,"showSkybox":false,"showFlares":true,"showImageEffects":true,"showParticleSystems":true},"in2DMode":false,"pivot":{"x":-0.0009722709655761719,"y":3.8582820892333986,"z":0.48889875411987307},"rotation":{"x":-0.0035230570938438179,"y":0.9945566058158875,"z":-0.09760208427906037,"w":-0.03884417936205864},"size":5.731817245483398,"orthographic":false}