{"cameraMode":{"drawMode":0,"name":"Shaded","section":"Shading Mode"},"sceneLighting":false,"audioPlay":false,"sceneViewState":{"showFog":true,"showMaterialUpdate":false,"showSkybox":false,"showFlares":true,"showImageEffects":true,"showParticleSystems":true},"in2DMode":false,"pivot":{"x":-2.1614325046539308,"y":2.9172701835632326,"z":1.6659750938415528},"rotation":{"x":-0.029645005241036416,"y":-0.7075412273406982,"z":-0.02973431535065174,"w":0.7054219841957092},"size":10.303421974182129,"orthographic":false}