{"cameraMode":{"drawMode":0,"name":"Shaded","section":"Shading Mode"},"sceneLighting":true,"audioPlay":false,"sceneViewState":{"showFog":true,"showMaterialUpdate":false,"showSkybox":false,"showFlares":true,"showImageEffects":true,"showParticleSystems":true},"in2DMode":false,"pivot":{"x":40.92831802368164,"y":44.54578399658203,"z":1595.1453857421875},"rotation":{"x":0.11735006421804428,"y":0.8742049336433411,"z":-0.2621622085571289,"w":0.391654372215271},"size":12.403221130371094,"orthographic":false}