{"cameraMode":{"drawMode":0,"name":"Shaded","section":"Shading Mode"},"sceneLighting":true,"audioPlay":false,"sceneViewState":{"showFog":true,"showMaterialUpdate":false,"showSkybox":false,"showFlares":true,"showImageEffects":true,"showParticleSystems":true},"in2DMode":false,"pivot":{"x":-0.5870361328125,"y":81.7492446899414,"z":0.2999267578125},"rotation":{"x":0.2012930065393448,"y":-0.704581618309021,"z":0.22026456892490388,"w":0.6438571810722351},"size":284.50146484375,"orthographic":false}