{"cameraMode":{"drawMode":0,"name":"Shaded","section":"Shading Mode"},"sceneLighting":true,"audioPlay":false,"sceneViewState":{"showFog":true,"showMaterialUpdate":false,"showSkybox":false,"showFlares":true,"showImageEffects":true,"showParticleSystems":true},"in2DMode":false,"pivot":{"x":23.54102897644043,"y":67.28512573242188,"z":20.914642333984376},"rotation":{"x":-0.11791657656431198,"y":0.5618169903755188,"z":0.08125583827495575,"w":0.8148465156555176},"size":3.363499879837036,"orthographic":false}