{"cameraMode":{"drawMode":0,"name":"Shaded","section":"Shading Mode"},"sceneLighting":false,"audioPlay":false,"sceneViewState":{"showFog":true,"showMaterialUpdate":false,"showSkybox":false,"showFlares":true,"showImageEffects":true,"showParticleSystems":true},"in2DMode":false,"pivot":{"x":0.0,"y":2.698777675628662,"z":0.2487936019897461},"rotation":{"x":-0.0035230570938438179,"y":0.9945566058158875,"z":-0.09760208427906037,"w":-0.03884417936205864},"size":6.36942195892334,"orthographic":false}