{"cameraMode":{"drawMode":0,"name":"Shaded","section":"Shading Mode"},"sceneLighting":false,"audioPlay":false,"sceneViewState":{"showFog":true,"showMaterialUpdate":false,"showSkybox":false,"showFlares":true,"showImageEffects":true,"showParticleSystems":true},"in2DMode":false,"pivot":{"x":-3.098494291305542,"y":0.5885696411132813,"z":1.737227439880371},"rotation":{"x":0.049437265843153,"y":-0.041335687041282657,"z":0.002047804882749915,"w":0.997917115688324},"size":16.939756393432618,"orthographic":false}