{"cameraMode":{"drawMode":0,"name":"Shaded","section":"Shading Mode"},"sceneLighting":true,"audioPlay":false,"sceneViewState":{"showFog":true,"showMaterialUpdate":false,"showSkybox":true,"showFlares":true,"showImageEffects":true,"showParticleSystems":true},"in2DMode":false,"pivot":{"x":1.8367252349853516,"y":10.895984649658204,"z":4.757194519042969},"rotation":{"x":0.03287116065621376,"y":-0.882310152053833,"z":0.06230340525507927,"w":0.46541133522987368},"size":-0.880933940410614,"orthographic":false}