{"cameraMode":{"drawMode":0,"name":"Shaded","section":"Shading Mode"},"sceneLighting":false,"audioPlay":false,"sceneViewState":{"showFog":true,"showMaterialUpdate":false,"showSkybox":false,"showFlares":true,"showImageEffects":true,"showParticleSystems":true},"in2DMode":false,"pivot":{"x":-0.004466056823730469,"y":0.2421388030052185,"z":0.00228118896484375},"rotation":{"x":0.0941058024764061,"y":-0.5054240226745606,"z":0.05555853620171547,"w":0.855937659740448},"size":7.060692310333252,"orthographic":false}